Codon,AA_Name,AA_Code,RSCU_Replicase,RSCU_Spike,RSCU_Diff,RSCU_Pct_Diff,Replicase_Category,Spike_Category,Category_Change
GCT,Alanine,A,1.10,0.80
GCC,Alanine,A,0.80,0.93
GCA,Alanine,A,2.10,2.00
GCG,Alanine,A,0.00,0.27
CGT,Arginine,R,0.24,0.00
CGC,Arginine,R,0.12,0.00
CGA,Arginine,R,0.60,0.00
CGG,Arginine,R,0.60,0.00
AGA,Arginine,R,2.76,3.47
AGG,Arginine,R,1.68,2.53
AAT,Asparagine,N,0.94,1.22
AAC,Asparagine,N,1.06,0.78
GAT,Aspartic_Acid,D,1.27,0.87
GAC,Aspartic_Acid,D,0.73,1.13
TGT,Cysteine,C,0.80,1.20
TGC,Cysteine,C,1.20,0.80
CAA,Glutamine,Q,1.31,0.80
CAG,Glutamine,Q,0.69,1.20
GAA,Glutamic_Acid,E,1.31,1.17
GAG,Glutamic_Acid,E,0.69,0.83
GGT,Glycine,G,0.70,0.68
GGC,Glycine,G,0.26,0.39
GGA,Glycine,G,1.83,1.66
GGG,Glycine,G,1.22,1.27
CAT,Histidine,H,1.60,1.43
CAC,Histidine,H,0.40,0.57
ATT,Isoleucine,I,1.02,1.30
ATC,Isoleucine,I,0.84,0.70
ATA,Isoleucine,I,1.14,1.00
TTA,Leucine,L,0.74,0.61
TTG,Leucine,L,0.74,1.22
CTT,Leucine,L,0.84,0.49
CTC,Leucine,L,0.74,0.49
CTA,Leucine,L,2.11,1.84
CTG,Leucine,L,0.84,1.35
AAA,Lysine,K,0.98,1.40
AAG,Lysine,K,1.02,0.60
ATG,Methionine,M,1.00,1.00
TTT,Phenylalanine,F,0.73,1.20
TTC,Phenylalanine,F,1.27,0.80
CCT,Proline,P,1.38,0.63
CCC,Proline,P,0.25,0.63
CCA,Proline,P,1.88,1.89
CCG,Proline,P,0.50,0.84
TCT,Serine,S,0.60,0.84
TCC,Serine,S,0.84,0.96
TCA,Serine,S,1.44,2.28
TCG,Serine,S,0.60,0.24
AGT,Serine,S,0.96,0.96
AGC,Serine,S,1.56,0.72
ACT,Threonine,T,0.67,0.47
ACC,Threonine,T,0.80,0.94
ACA,Threonine,T,2.33,2.24
ACG,Threonine,T,0.20,0.35
TGG,Tryptophan,W,1.00,1.00
TAT,Tyrosine,Y,0.72,1.31
TAC,Tyrosine,Y,1.28,0.69
GTT,Valine,V,0.82,0.89
GTC,Valine,V,0.94,0.89
GTA,Valine,V,0.71,1.44
GTG,Valine,V,1.53,0.78
TAA,STOP,_,0.00,3.00
TAG,STOP,_,3.00,0.00
TGA,STOP,_,0.00,0.00
